Workbook

Sheet Orders
A1: Row ID | B1: Order ID | C1: Order Date | D1: Ship Date | E1: Ship Mode | F1: Customer ID | G1: Customer Name | H1: Segment | I1: Country | J1: City | K1: State | L1: Region | M1: Product ID | N1: Category | O1: Sub-Category | P1: Product Name | Q1: Sales | R1: Quantity | S1: Discount | T1: Profit | U1: Profit Flag | V1: Sales Tier | W1: Ship Lag (days) | X1: Order Month | Y1: Customer Initials
A2: 1 | B2: US-2023-101313 | C2: 2023-01-02 | D2: 2023-01-08 | E2: Standard Class | F2: CU-07056 | G2: Michael Khan | H2: Home Office | I2: United States | J2: Reno | K2: Nevada | L2: West | M2: TEC-PH-24197 | N2: Technology | O2: Phones | P2: Cisco IP Phone | Q2: 15828.1 | R2: 12 | S2: 0 | T2: -1532.66 | U2: =IF(T2<0,"Loss",IF(T2=0,"Break-even","Profit")) -> Loss | V2: =IF(Q2<100,"Low",IF(Q2<=500,"Medium","High")) -> High | W2: =D2-C2 -> 6 | X2: =TEXT(C2,"mmmm") -> January | Y2: =LEFT(G2,1)&MID(G2,FIND(" ",G2)+1,1) -> MK
A3: 2 | B3: US-2023-100745 | C3: 2023-01-02 | D3: 2023-01-03 | E3: First Class | F3: CU-45751 | G3: Patricia Miller | H3: Corporate | I3: United States | J3: Portland | K3: Oregon | L3: West | M3: OFF-PA-48467 | N3: Office Supplies | O3: Paper | P3: Xerox 1881 Paper | Q3: 33.58 | R3: 1 | S3: 0.3 | T3: 3.3 | U3: =IF(T3<0,"Loss",IF(T3=0,"Break-even","Profit")) -> Profit | V3: =IF(Q3<100,"Low",IF(Q3<=500,"Medium","High")) -> Low | W3: =D3-C3 -> 1 | X3: =TEXT(C3,"mmmm") -> January | Y3: =LEFT(G3,1)&MID(G3,FIND(" ",G3)+1,1) -> PM
A4: 3 | B4: US-2023-100780 | C4: 2023-01-02 | D4: 2023-01-02 | E4: Same Day | F4: CU-00146 | G4: Robert Nguyen | H4: Consumer | I4: United States | J4: Miami | K4: Florida | L4: South | M4: OFF-AR-34769 | N4: Office Supplies | O4: Art | P4: Boston Pencil Sharpener | Q4: 855.51 | R4: 13 | S4: 0.4 | T4: 208.23 | U4: =IF(T4<0,"Loss",IF(T4=0,"Break-even","Profit")) -> Profit | V4: =IF(Q4<100,"Low",IF(Q4<=500,"Medium","High")) -> High | W4: =D4-C4 -> 0 | X4: =TEXT(C4,"mmmm") -> January | Y4: =LEFT(G4,1)&MID(G4,FIND(" ",G4)+1,1) -> RN
A5: 4 | B5: US-2023-100166 | C5: 2023-01-03 | D5: 2023-01-09 | E5: Standard Class | F5: CU-01601 | G5: Maria Murphy | H5: Consumer | I5: United States | J5: Worcester | K5: Massachusetts | L5: East | M5: TEC-MA-21434 | N5: Technology | O5: Machines | P5: Zebra Label Printer | Q5: 8296.08 | R5: 11 | S5: 0.3 | T5: -2405.47 | U5: =IF(T5<0,"Loss",IF(T5=0,"Break-even","Profit")) -> Loss | V5: =IF(Q5<100,"Low",IF(Q5<=500,"Medium","High")) -> High | W5: =D5-C5 -> 6 | X5: =TEXT(C5,"mmmm") -> January | Y5: =LEFT(G5,1)&MID(G5,FIND(" ",G5)+1,1) -> MM
A6: 5 | B6: US-2023-101450 | C6: 2023-01-04 | D6: 2023-01-09 | E6: Standard Class | F6: CU-59164 | G6: Linda Martinez | H6: Corporate | I6: United States | J6: Nashville | K6: Tennessee | L6: South | M6: OFF-SU-10677 | N6: Office Supplies | O6: Supplies | P6: Fiskars Scissors | Q6: 146.56 | R6: 2 | S6: 0.5 | T6: -5.73 | U6: =IF(T6<0,"Loss",IF(T6=0,"Break-even","Profit")) -> Loss | V6: =IF(Q6<100,"Low",IF(Q6<=500,"Medium","High")) -> Medium | W6: =D6-C6 -> 5 | X6: =TEXT(C6,"mmmm") -> January | Y6: =LEFT(G6,1)&MID(G6,FIND(" ",G6)+1,1) -> LM
A7: 6 | B7: US-2023-100621 | C7: 2023-01-04 | D7: 2023-01-06 | E7: Second Class | F7: CU-75963 | G7: Wei Garcia | H7: Consumer | I7: United States | J7: Boston | K7: Massachusetts | L7: East | M7: FUR-TA-43351 | N7: Furniture | O7: Tables | P7: Bush Somerset Coffee Table | Q7: 1151.88 | R7: 7 | S7: 0.1 | T7: -130.61 | U7: =IF(T7<0,"Loss",IF(T7=0,"Break-even","Profit")) -> Loss | V7: =IF(Q7<100,"Low",IF(Q7<=500,"Medium","High")) -> High | W7: =D7-C7 -> 2 | X7: =TEXT(C7,"mmmm") -> January | Y7: =LEFT(G7,1)&MID(G7,FIND(" ",G7)+1,1) -> WG
A8: 7 | B8: US-2023-101179 | C8: 2023-01-06 | D8: 2023-01-09 | E8: Standard Class | F8: CU-31953 | G8: Elizabeth Silva | H8: Consumer | I8: United States | J8: Raleigh | K8: North Carolina | L8: South | M8: FUR-TA-80202 | N8: Furniture | O8: Tables | P8: Bretford Rectangular Conference Table | Q8: 718.22 | R8: 5 | S8: 0 | T8: -95.88 | U8: =IF(T8<0,"Loss",IF(T8=0,"Break-even","Profit")) -> Loss | V8: =IF(Q8<100,"Low",IF(Q8<=500,"Medium","High")) -> High | W8: =D8-C8 -> 3 | X8: =TEXT(C8,"mmmm") -> January | Y8: =LEFT(G8,1)&MID(G8,FIND(" ",G8)+1,1) -> ES
A9: 8 | B9: US-2023-101115 | C9: 2023-01-07 | D9: 2023-01-13 | E9: Standard Class | F9: CU-10605 | G9: Linda Ali | H9: Consumer | I9: United States | J9: Charlotte | K9: North Carolina | L9: South | M9: OFF-FA-42864 | N9: Office Supplies | O9: Fasteners | P9: Staples Standard Staples | Q9: 553.56 | R9: 6 | S9: 0 | T9: 117.5 | U9: =IF(T9<0,"Loss",IF(T9=0,"Break-even","Profit")) -> Profit | V9: =IF(Q9<100,"Low",IF(Q9<=500,"Medium","High")) -> High | W9: =D9-C9 -> 6 | X9: =TEXT(C9,"mmmm") -> January | Y9: =LEFT(G9,1)&MID(G9,FIND(" ",G9)+1,1) -> LA
A10: 9 | B10: US-2023-100539 | C10: 2023-01-07 | D10: 2023-01-12 | E10: Standard Class | F10: CU-88045 | G10: Carlos Jones | H10: Consumer | I10: United States | J10: Pittsburgh | K10: Pennsylvania | L10: East | M10: OFF-AR-03363 | N10: Office Supplies | O10: Art | P10: Sharpie Marker Set | Q10: 44.62 | R10: 1 | S10: 0.5 | T10: 7.98 | U10: =IF(T10<0,"Loss",IF(T10=0,"Break-even","Profit")) -> Profit | V10: =IF(Q10<100,"Low",IF(Q10<=500,"Medium","High")) -> Low | W10: =D10-C10 -> 5 | X10: =TEXT(C10,"mmmm") -> January | Y10: =LEFT(G10,1)&MID(G10,FIND(" ",G10)+1,1) -> CJ
A11: 10 | B11: US-2023-100587 | C11: 2023-01-07 | D11: 2023-01-14 | E11: Standard Class | F11: CU-08007 | G11: Linda Nair | H11: Corporate | I11: United States | J11: Philadelphia | K11: Pennsylvania | L11: East | M11: OFF-PA-58734 | N11: Office Supplies | O11: Paper | P11: HP Multipurpose Paper | Q11: 834.37 | R11: 8 | S11: 0.3 | T11: 179.41 | U11: =IF(T11<0,"Loss",IF(T11=0,"Break-even","Profit")) -> Profit | V11: =IF(Q11<100,"Low",IF(Q11<=500,"Medium","High")) -> High | W11: =D11-C11 -> 7 | X11: =TEXT(C11,"mmmm") -> January | Y11: =LEFT(G11,1)&MID(G11,FIND(" ",G11)+1,1) -> LN
A12: 11 | B12: US-2023-101265 | C12: 2023-01-09 | D12: 2023-01-11 | E12: First Class | F12: CU-49713 | G12: Liam Miller | H12: Corporate | I12: United States | J12: Nashville | K12: Tennessee | L12: South | M12: OFF-AR-63674 | N12: Office Supplies | O12: Art | P12: Newell Highlighters | Q12: 29.95 | R12: 2 | S12: 0.3 | T12: 1.36 | U12: =IF(T12<0,"Loss",IF(T12=0,"Break-even","Profit")) -> Profit | V12: =IF(Q12<100,"Low",IF(Q12<=500,"Medium","High")) -> Low | W12: =D12-C12 -> 2 | X12: =TEXT(C12,"mmmm") -> January | Y12: =LEFT(G12,1)&MID(G12,FIND(" ",G12)+1,1) -> LM
A13: 12 | B13: US-2023-100546 | C13: 2023-01-11 | D13: 2023-01-16 | E13: Standard Class | F13: CU-81577 | G13: John Miller | H13: Corporate | I13: United States | J13: Jersey City | K13: New Jersey | L13: East | M13: TEC-AC-04036 | N13: Technology | O13: Accessories | P13: Logitech Wireless Mouse | Q13: 2834 | R13: 7 | S13: 0.1 | T13: -162.16 | U13: =IF(T13<0,"Loss",IF(T13=0,"Break-even","Profit")) -> Loss | V13: =IF(Q13<100,"Low",IF(Q13<=500,"Medium","High")) -> High | W13: =D13-C13 -> 5 | X13: =TEXT(C13,"mmmm") -> January | Y13: =LEFT(G13,1)&MID(G13,FIND(" ",G13)+1,1) -> JM
... A1801: 1800 | B1801: US-2026-100096 | C1801: 2026-06-30 | D1801: 2026-07-02 | E1801: Second Class | F1801: CU-13787 | G1801: Ahmed Chen | H1801: Consumer | I1801: United States | J1801: Raleigh | K1801: North Carolina | L1801: South | M1801: OFF-EN-53662 | N1801: Office Supplies | O1801: Envelopes | P1801: Poly String Envelope | Q1801: 53.99 | R1801: 9 | S1801: 0.3 | T1801: 0.09 | U1801: =IF(T1801<0,"Loss",IF(T1801=0,"Break-even","Profit")) -> Profit | V1801: =IF(Q1801<100,"Low",IF(Q1801<=500,"Medium","High")) -> Low | W1801: =D1801-C1801 -> 2 | X1801: =TEXT(C1801,"mmmm") -> June | Y1801: =LEFT(G1801,1)&MID(G1801,FIND(" ",G1801)+1,1) -> AC

Sheet Solutions
A1: Solutions — check your numbers, then peek at the formula only if stuck
A2: Task | B2: Result | C2: Formula used
A3: 1. Total Sales | B3: =SUM(Orders!Q2:Q1801) -> 4428092.9 | C3: =SUM(Orders!Q2:Q1801) -> 4428092.9
A4: 1. Total Profit | B4: =SUM(Orders!T2:T1801) -> 48744.74 | C4: =SUM(Orders!T2:T1801) -> 48744.74
A5: 1. Average Discount | B5: =AVERAGE(Orders!S2:S1801) -> 0.15133333 | C5: =AVERAGE(Orders!S2:S1801) -> 0.15133333
A6: 1. Order count | B6: =COUNTA(Orders!B2:B1801) -> 1800 | C6: =COUNTA(Orders!B2:B1801) -> 1800
A7: 2. Loss-making line items (count) | B7: =COUNTIF(Orders!T2:T1801,"<0") -> 849 | C7: =COUNTIF(Orders!T2:T1801,"<0") -> 849
A8: 3. Profit Flag helper column | B8: — | C8: See Orders!U2 — formula: =IF(Profit<0,"Loss",IF(Profit=0,"Break-even","Profit"))
A9: 4. Sales Tier helper column | B9: — | C9: See Orders!V2 — formula: =IF(Sales<100,"Low",IF(Sales<=500,"Medium","High"))
A10: 5. Technology Sales in West | B10: =SUMIFS(Orders!Q2:Q1801,Orders!N2:N1801,"Technology",Orders!L2:L1801,"West") -> 650465.88 | C10: =SUMIFS(Orders!Q2:Q1801,Orders!N2:N1801,"Technology",Orders!L2:L1801,"West") -> 650465.88
A11: 6. Profit, Same Day + Discount>0 | B11: =SUMIFS(Orders!T2:T1801,Orders!E2:E1801,"Same Day",Orders!S2:S1801,">0") -> -914.96 | C11: =SUMIFS(Orders!T2:T1801,Orders!E2:E1801,"Same Day",Orders!S2:S1801,">0") -> -914.96
A12: 7. Consumer orders in Central | B12: =COUNTIFS(Orders!L2:L1801,"Central",Orders!H2:H1801,"Consumer") -> 214 | C12: =COUNTIFS(Orders!L2:L1801,"Central",Orders!H2:H1801,"Consumer") -> 214
A13: 7. Corporate orders in Central | B13: =COUNTIFS(Orders!L2:L1801,"Central",Orders!H2:H1801,"Corporate") -> 141 | C13: =COUNTIFS(Orders!L2:L1801,"Central",Orders!H2:H1801,"Corporate") -> 141
A14: 7. Home Office orders in Central | B14: =COUNTIFS(Orders!L2:L1801,"Central",Orders!H2:H1801,"Home Office") -> 93 | C14: =COUNTIFS(Orders!L2:L1801,"Central",Orders!H2:H1801,"Home Office") -> 93
A15: 8. Avg Discount, Furniture, Qty>=5 | B15: =AVERAGEIFS(Orders!S2:S1801,Orders!N2:N1801,"Furniture",Orders!R2:R1801,">=5") -> 0.15093633 | C15: =AVERAGEIFS(Orders!S2:S1801,Orders!N2:N1801,"Furniture",Orders!R2:R1801,">=5") -> 0.15093633
A16: 9. VLOOKUP example (Product ID TEC-PH-24197) — Product Name | B16: =VLOOKUP("TEC-PH-24197",Orders!M2:P1801,4,FALSE()) -> Cisco IP Phone | C16: =VLOOKUP("TEC-PH-24197",Orders!M2:P1801,4,FALSE()) -> Cisco IP Phone
A17: 9. INDEX/MATCH equivalent — Product Name | B17: =INDEX(Orders!P2:P1801,MATCH("TEC-PH-24197",Orders!M2:M1801,0)) -> Cisco IP Phone | C17: =INDEX(Orders!P2:P1801,MATCH("TEC-PH-24197",Orders!M2:M1801,0)) -> Cisco IP Phone
A18: 10. Two-way lookup (Category x Region) — see the worked grid near the bottom of this sheet. | B18: — | C18: n/a
A19: 11. Ship Lag helper column | B19: — | C19: See Orders!W2 — formula: =[Ship Date]-[Order Date]
A20: 12. Order Month helper column | B20: — | C20: See Orders!X2 — formula: =TEXT([Order Date],"mmmm")
A21: 13. Customer Initials helper column | B21: — | C21: See Orders!Y2 — formula: =LEFT(name,1)&MID(name,FIND(" ",name)+1,1)
A22: 14. Order ID with longest Ship Lag | B22: =INDEX(Orders!B2:B1801,MATCH(MAX(Orders!W2:W1801),Orders!W2:W1801,0)) -> US-2023-100587 | C22: =INDEX(Orders!B2:B1801,MATCH(MAX(Orders!W2:W1801),Orders!W2:W1801,0)) -> US-2023-100587
A23: 15-18. Pivot tables & slicer | B23: — | C23: Manual Excel steps — Insert > PivotTable. See notes column.
A24: 19. Conditional formatting on Profit | B24: — | C24: Home > Conditional Formatting > Highlight Cell Rules > Less Than 0 (red fill); > Greater Than 200 (green fill).
A25: 20. Bar chart of Sales by Category | B25: — | C25: Build a small SUMIFS summary table (3 rows: Furniture/Office Supplies/Technology), select it, Insert > Bar Chart.
A27: Task 10 worked example grid (Category x Region, Sum of Sales):
A28: Category \ Region | B28: Central | C28: East | D28: South | E28: West
A29: Furniture | B29: =SUMPRODUCT((Orders!N2:N1801=$A29)*(Orders!L2:L1801=B$28)*Orders!Q2:Q1801) -> 326541.2 | C29: =SUMPRODUCT((Orders!N2:N1801=$A29)*(Orders!L2:L1801=C$28)*Orders!Q2:Q1801) -> 285476.3 | D29: =SUMPRODUCT((Orders!N2:N1801=$A29)*(Orders!L2:L1801=D$28)*Orders!Q2:Q1801) -> 315171.51 | E29: =SUMPRODUCT((Orders!N2:N1801=$A29)*(Orders!L2:L1801=E$28)*Orders!Q2:Q1801) -> 254684.68
A30: Office Supplies | B30: =SUMPRODUCT((Orders!N2:N1801=$A30)*(Orders!L2:L1801=B$28)*Orders!Q2:Q1801) -> 111371.97 | C30: =SUMPRODUCT((Orders!N2:N1801=$A30)*(Orders!L2:L1801=C$28)*Orders!Q2:Q1801) -> 113072.69 | D30: =SUMPRODUCT((Orders!N2:N1801=$A30)*(Orders!L2:L1801=D$28)*Orders!Q2:Q1801) -> 107600.49 | E30: =SUMPRODUCT((Orders!N2:N1801=$A30)*(Orders!L2:L1801=E$28)*Orders!Q2:Q1801) -> 101656.25
A31: Technology | B31: =SUMPRODUCT((Orders!N2:N1801=$A31)*(Orders!L2:L1801=B$28)*Orders!Q2:Q1801) -> 648863.86 | C31: =SUMPRODUCT((Orders!N2:N1801=$A31)*(Orders!L2:L1801=C$28)*Orders!Q2:Q1801) -> 735719.25 | D31: =SUMPRODUCT((Orders!N2:N1801=$A31)*(Orders!L2:L1801=D$28)*Orders!Q2:Q1801) -> 777468.84 | E31: =SUMPRODUCT((Orders!N2:N1801=$A31)*(Orders!L2:L1801=E$28)*Orders!Q2:Q1801) -> 650465.88
